{"epoch": 1256, "train_loss": 0.05424975976347923, "val_loss": 0.15853868424892426, "time": "Tue Dec  7 09:10:59 2021"}